file,bootstrap_classes
app/views/admin/analytics/index.html.erb,align-items-center align-items-md-center badge bg-info bg-light bg-secondary bg-success bg-white bi bi-bar-chart-fill bi-geo-alt bi-geo-alt-fill bi-graph-up bi-hand-thumbs-down-fill bi-hand-thumbs-up-fill bi-lightbulb-fill bi-tag bi-tag-fill bi-trophy-fill card card-body card-header col-12 col-6 col-lg-3 col-lg-6 col-md-3 col-sm-6 d-flex fw-bold fw-medium fw-semibold g-4 justify-content-between mb-0 mb-1 mb-2 mb-3 mb-4 mb-5 me-1 me-2 mt-2 p-0 p-4 py-4 rounded-pill row shadow-sm table table-hover table-light table-responsive text-center text-dark text-muted text-primary text-success
app/views/admin/app_preview/index.html.erb,align-items-center bi bi-box-arrow-up-right bi-eye bi-house bi-lightbulb bi-plus-circle bi-search btn btn-group btn-outline-primary btn-outline-secondary btn-sm d-flex justify-content-between mb-0 mb-1 mb-2 mb-4 me-1 me-2 mt-3 text-muted text-primary
app/views/admin/broadcasts/_form.html.erb,mt-4
app/views/admin/broadcasts/edit.html.erb,bg-white mt-2 mt-3 mt-4 p-4 rounded-lg shadow
app/views/admin/broadcasts/index.html.erb,bg-transparent card card-body card-footer card-text card-title col-12 col-lg-6 col-xl-4 d-block d-flex fw-bold g-4 justify-content-between mb-2 mb-3 mb-4 py-4 row shadow-sm text-center text-muted
app/views/admin/broadcasts/new.html.erb,mb-3 mb-4 mt-4 py-4
app/views/admin/broadcasts/show.html.erb,card card-body card-text card-title mb-4 mt-4 py-4 text-muted
app/views/admin/community_ideas/index.html.erb,align-items-center align-items-start badge btn-group card col-md-3 d-flex justify-content-between mb-0 mb-1 mb-3 px-3 py-2 py-4 shadow-sm table table-hover table-light table-responsive table-striped text-center text-muted
app/views/admin/community_ideas/show.html.erb,align-items-center align-items-start badge bg-light bg-secondary bi bi-check-circle bi-x-circle card card-body col-xl-4 col-xl-8 d-flex g-4 justify-content-between mb-0 mb-1 mb-3 me-1 mt-1 mt-3 mt-4 py-4 row shadow-sm text-center text-dark text-muted
app/views/admin/dashboard/_quick_actions.html.erb,align-items-center bg-white bi bi-check-circle-fill bi-download bi-gear-fill bi-graph-up bi-lightning-charge-fill d-flex d-grid fw-bold mb-3 me-2 me-3 mt-4 p-4 rounded shadow-sm text-dark text-muted text-primary text-success
app/views/admin/dashboard/_recent_documents.html.erb,align-items-start bg-white d-flex fa-clock fa-file-alt fa-file-upload fas mb-1 mb-3 me-1 me-2 mt-2 mt-4 p-4 pb-3 py-4 rounded shadow-sm text-center text-muted text-success
app/views/admin/dashboard/_recent_ideas.html.erb,bg-white bi bi-clock bi-geo-alt bi-hand-thumbs-up bi-lightbulb bi-lightbulb-fill fw-bold mb-0 mb-1 mb-2 mb-3 mb-4 mt-2 p-3 p-4 py-4 rounded shadow-sm text-center text-muted
app/views/admin/dashboard/_stats_cards.html.erb,bg-white bi bi-file-earmark-text-fill bi-graph-up-arrow bi-lightbulb-fill bi-people-fill card card-body col-6 col-md-3 fw-bold g-3 mb-0 mb-1 mb-3 mb-4 p-4 row shadow-sm text-center text-dark text-muted text-primary text-success
app/views/admin/dashboard/_submission_notifications.html.erb,alert alert-success alert-warning align-items-center badge bg-light bi bi-check-circle-fill bi-flag-fill card card-body col-lg-4 col-lg-8 d-flex g-3 justify-content-between mb-0 mb-1 mb-3 mb-4 ms-1 mt-3 rounded-pill row shadow-sm text-dark text-muted text-primary
app/views/admin/dashboard/index.html.erb,align-items-center bg-white bi bi-moon-fill bi-sun-fill col-lg-4 col-lg-8 d-flex d-lg-inline d-md-inline d-none fw-bold fw-medium g-4 justify-content-between justify-content-center mb-0 mb-1 mb-4 me-1 me-3 px-3 py-3 rounded rounded-circle row shadow-sm text-center text-dark text-muted text-white
app/views/admin/forums/index.html.erb,align-items-center badge bg-danger bg-success bg-transparent bg-white bi bi-bar-chart-line-fill bi-calendar bi-calendar-event-fill bi-chat-dots-fill bi-chat-quote bi-check-circle bi-clock bi-people bi-plus-circle bi-question-circle-fill bi-search bi-x-circle btn btn-danger btn-outline-primary btn-outline-secondary btn-sm btn-success card card-body card-footer card-text card-title col-6 col-lg-4 col-lg-8 col-md-6 d-flex d-grid d-lg-inline d-none float-end fw-bold fw-medium g-3 g-4 justify-content-between justify-content-center mb-0 mb-1 mb-2 mb-3 mb-4 me-1 me-2 me-3 mx-auto my-3 p-4 pt-0 px-3 py-3 py-4 rounded rounded-circle row shadow-sm text-center text-dark text-muted text-white
app/views/admin/landing/index.html.erb,align-items-center bg-light bg-success bg-white bi bi-house bi-lock bi-shield-lock bi-unlock card card-body card-text card-title col-lg-10 col-md-6 d-grid d-inline-flex fw-bold g-4 justify-content-center mb-0 mb-3 mb-4 mb-5 me-1 mt-3 mt-5 p-5 py-4 py-5 rounded-circle row shadow-sm text-center text-dark text-muted text-white
app/views/admin/planning_documents/edit.html.erb,alert alert-danger bi bi-pencil-square col-md-6 mb-0 me-2 row text-muted
app/views/admin/planning_documents/index.html.erb,badge bi bi-eye bi-file-earmark-text bi-pencil bi-trash bi-upload fa-file-alt fa-upload fas me-2
app/views/admin/planning_documents/new.html.erb,alert alert-danger bi bi-upload col-md-6 mb-0 me-2 row
app/views/admin/planning_documents/show.html.erb,badge bi bi-file-earmark-text fa-download fa-edit fa-robot fa-trash fas me-2 text-muted
app/views/admin/sessions/new.html.erb,align-items-center card card-body col-md-6 d-flex justify-content-between justify-content-center mb-2 mb-3 mb-4 py-5 row
app/views/admin/submissions/index.html.erb,alert alert-info alert-warning align-items-center align-items-end badge bg-light bg-secondary bg-warning bi bi-check2-circle bi-clock bi-envelope-fill bi-exclamation-triangle-fill bi-flag-fill bi-geo-alt-fill bi-grid-3x3-gap bi-list bi-people-fill bi-tags-fill btn btn-group btn-outline-primary btn-sm card card-body col-12 col-lg-4 col-md-2 col-md-4 col-md-6 d-flex d-none form-label fw-semibold g-3 g-4 justify-content-between justify-content-end mb-0 mb-1 mb-2 mb-3 mb-4 me-1 me-2 ms-1 ms-2 mt-2 mt-3 mt-auto p-3 px-3 py-2 rounded rounded-pill row shadow-sm table table-hover table-light table-responsive table-sm text-center text-dark text-muted
app/views/admin/users/edit.html.erb,bg-white mb-6 ml-2 mt-1 mx-auto px-4 py-5 py-8 rounded-lg shadow-sm
app/views/admin/users/index.html.erb,bg-white mb-6 ml-4 ms-2 mx-auto px-2.5 px-4 px-6 py-0.5 py-3 py-4 py-5 py-8 rounded-full rounded-lg shadow-sm text-left
app/views/admin/users/show.html.erb,bg-white mb-2 mb-4 mb-6 mb-8 ml-4 ml-6 ms-2 mt-1 mt-2 mx-2 mx-auto p-3 p-4 p-6 px-2.5 px-4 py-0.5 py-12 py-5 py-8 rounded-full rounded-lg shadow-sm text-center
app/views/community_ideas/_comment_form.html.erb,d-flex justify-content-end mb-0 mb-2 mb-4 mt-2 py-3 text-center
app/views/community_ideas/_idea_card.html.erb,align-items-center badge bg-secondary card card-body card-img-top card-text card-title d-flex fw-bold justify-content-between justify-content-center mb-2 mb-3 me-1 mt-auto shadow-sm text-center text-muted text-success
app/views/community_ideas/_voting_cards.html.erb,align-items-center badge card card-body d-flex fw-bold justify-content-between justify-content-center mb-2 mb-3 mt-4 p-4 px-3 px-4 py-1 rounded-4 shadow-lg text-center text-dark text-muted text-white
app/views/community_ideas/create_comment.turbo_stream.erb,p-4 rounded-lg
app/views/community_ideas/index.html.erb,align-items-center align-items-end bg-light col-12 col-6 col-md-2 col-md-3 d-flex g-4 justify-content-center mb-4 px-4 py-4 py-5 row row-cols-1 row-cols-lg-3 row-cols-md-2 text-center text-muted
app/views/community_ideas/show.html.erb,align-items-center bg-light bg-success btn btn-close card card-body col-lg-8 d-flex fw-bold justify-content-center justify-content-end mb-0 mb-1 mb-2 mb-4 mb-5 me-3 mt-2 mt-3 p-4 pb-3 pt-4 px-3 px-4 py-2 py-4 py-5 rounded-circle rounded-xl row shadow-elevation-1 shadow-sm text-center text-muted text-white
app/views/ideas_explorer/index.html.erb,align-items-end btn btn-lg col-12 col-6 col-md-2 col-md-3 d-flex form-control form-label fw-bold g-4 gx-3 gy-2 mb-4 mt-4 mt-8 mx-auto p-3 px-6 py-10 rounded row row-cols-1 row-cols-lg-3 row-cols-md-2 shadow-sm text-center
app/views/layouts/admin_sidebar.html.erb,align-items-center bg-light bi bi-calendar-event bi-chevron-double-left bi-eye bi-file-earmark-text bi-graph-up bi-megaphone bi-moon-fill bi-people bi-power bi-speedometer2 bi-upload d-flex d-md-inline d-none fw-medium justify-content-center mb-2 mb-3 me-1 me-2 ms-2 mt-1 mt-auto my-3 p-4 pb-2 pb-3 pt-4 px-3 py-3 text-center text-muted text-white
app/views/layouts/application.html.erb,alert alert-<%= align-items-center badge bg-danger bg-light btn btn-outline-light btn-sm col-md-4 d-flex d-md-inline d-none dropdown dropdown-divider dropdown-menu dropdown-menu-end dropdown-toggle fw-bold fw-semibold mb-2 mb-3 mb-4 me-auto ms-1 mt-2 mt-3 mt-5 my-4 navbar navbar-collapse navbar-expand-lg navbar-light navbar-nav navbar-toggler navbar-toggler-icon pt-4 py-5 rounded-circle row shadow-sm text-center
app/views/pages/home_swipe_deck.html.erb,mb-2 mb-4 mb-8 mx-auto p-6 px-6 py-8 rounded-xl shadow-elevation-2 text-center text-muted-foreground text-primary
app/views/pages/landing.html.erb,align-items-center badge bg-light bg-success bg-transparent bg-white card card-body card-footer card-text card-title col-12 col-lg-8 col-md-4 d-flex d-inline-flex fw-bold justify-content-between justify-content-center mb-0 mb-2 mb-3 mb-4 mb-5 mb-8 me-3 mt-3 mt-4 mt-5 mt-8 mx-auto p-4 p-6 px-4 px-6 px-8 py-16 py-2 py-4 py-5 py-8 rounded rounded-circle rounded-full rounded-lg row shadow-md shadow-sm text-center text-muted text-success text-white
app/views/planning_documents/index.html.erb,align-items-center align-items-end align-items-start badge bg-info bi bi-file-earmark-text bi-file-earmark-x bi-grid bi-list btn-group card card-body card-text card-title col-lg-6 col-md-3 col-xl-4 d-flex form-label g-4 justify-content-between justify-content-end list-group list-group-flush list-group-item mb-0 mb-1 mb-2 mb-3 mb-4 me-2 mt-2 mt-3 mt-auto pb-3 py-4 py-5 row shadow-sm text-center text-muted text-primary
app/views/shared/_header.html.erb,align-items-center bg-white fw-bold fw-medium mb-0 mb-4 py-4 rounded row shadow-sm text-center text-success
app/views/shared/_placeholder_alert.html.erb,alert alert-danger
app/views/submissions/index.html.erb,bg-light bg-success card card-body card-header col-12 col-md-4 d-flex form-label g-3 mb-0 mb-3 mb-4 p-0 py-4 py-5 row table table-hover table-light table-responsive text-center text-muted text-white
app/views/submissions/new.html.erb,alert alert-danger alert-heading bg-light btn btn-lg btn-outline-success btn-success card card-body col-lg-10 d-flex float-end form-control form-control-lg form-label fw-bold fw-medium fw-semibold justify-content-center mb-0 mb-3 mb-4 mb-5 mt-1 mt-3 mt-4 p-3 p-4 p-md-5 pt-3 py-5 rounded row shadow-sm text-center text-muted text-success
app/views/users/dashboard.html.erb,align-items-center align-items-start badge bg-secondary bg-success bi bi-activity bi-bar-chart bi-chevron-down bi-clock-history bi-hand-thumbs-up bi-lightbulb btn btn-outline-light btn-sm card card-body card-header card-text card-title col-9 col-auto col-md-2 col-md-3 col-md-4 col-md-7 d-flex d-inline-flex fw-bold g-3 g-4 justify-content-between justify-content-center list-group list-group-flush list-group-item mb-0 mb-1 mb-2 mb-3 mb-4 mb-5 me-1 me-2 ms-2 mt-4 mt-auto p-4 py-4 py-5 rounded-circle row row-cols-1 row-cols-lg-3 row-cols-md-2 shadow-sm text-center text-dark text-muted text-primary text-success text-white
app/views/users/edit.html.erb,alert alert-danger alert-heading align-items-center bg-light bg-white btn btn-success card card-body card-title col-auto col-lg-8 d-flex form-control form-control-lg form-label fw-bold fw-semibold justify-content-center justify-content-end mb-0 mb-3 mb-4 mt-5 p-4 p-md-5 pt-4 py-4 py-5 row shadow-sm text-dark text-muted text-success
